company_id,legal_name,trade_name,normalized_name,ein,entity_type,cik,cage_code,uei,state_of_incorporation,website,domain,industry,naics_code,sic_code,employee_count_min,employee_count_max,employee_count_source,phone,all_phones,email,all_emails,street,city,state,state_code,zip_code,county,country,latitude,longitude,source_count,data_quality_score,last_verified_at
us_9eef2ff7-82cf-51d3-8407-b43677edfcdf,NIAGARA UNIVERSITY,Niagara University,NIAGARA UNIVERSITY,16-0755807,NONPROFIT,,,,,,,Education,611110,,,,,,,,,,Niagara University,New York,NY,,,United States,,,1,60,2026-09-17T08:47:51.390057+00:00
us_1a1740c9-78f8-517e-baf5-61cfabb4062a,UNIVERSITY OF MISSISSIPPI,University Of Mississippi,UNIVERSITY OF MISSISSIPPI,64-6001159,NONPROFIT,,,,,,,Education,611110,,,,,,,,,,University,Mississippi,MS,,,United States,,,1,60,2026-09-17T08:47:51.390057+00:00
us_0f2d3c45-91df-5d5d-be88-8d6713278c59,JOHN CARROLL UNIVERSITY,John Carroll University,JOHN CARROLL UNIVERSITY,34-0714681,NONPROFIT,,,,,,,Education,611110,,,,,,,,,,University Ht,Ohio,OH,,,United States,,,1,60,2026-09-17T08:47:51.390057+00:00
us_3af423e4-0219-5c4f-8109-9e141d09e46c,UNIVERSITY PARK SPORTS,University Park Sports,UNIVERSITY PARK SPORTS,87-1777890,NONPROFIT,,,,,,,Recreation and Sports,713940,,,,,,,,,,University Pa,Maryland,MD,,,United States,,,1,60,2026-09-17T08:47:51.390057+00:00
us_826cf891-d04b-58ba-a882-511665c2e0a0,CONCORDIA UNIVERSITY,Concordia University,CONCORDIA UNIVERSITY,93-0391563,NONPROFIT,,,,,,,Education,611110,,,,,,,,,,Portland,Oregon,OR,,,United States,,,1,60,2026-09-17T08:47:51.390057+00:00
us_5206f90e-fcc3-5b91-9d0f-2cde99634e91,TROY UNIVERSITY FOUNDATION,Troy University Foundation,TROY UNIVERSITY,63-6067755,NONPROFIT,,,,,,,Education,611110,,,,,,,,,,Troy State University,Alabama,AL,,,United States,,,1,60,2026-09-17T08:47:51.390057+00:00
us_39fa7fd4-9757-5e9e-af9d-f8f9a1bbdc41,IONA UNIVERSITY,Iona University,IONA UNIVERSITY,13-3508093,NONPROFIT,,,,,,,Education,611110,,,,,,,,,,New Rochelle,New York,NY,,,United States,,,1,60,2026-09-17T08:47:51.390057+00:00
us_b1134cd9-150d-59c4-a1e8-c6482fdba352,DOMINICAN UNIVERSITY,Dominican University,DOMINICAN UNIVERSITY,36-2167855,NONPROFIT,,,,,,,Education,611110,,,,,,,,,,River Forest,Illinois,IL,,,United States,,,1,60,2026-09-17T08:47:51.390057+00:00
us_e107eec6-d990-574f-9a00-837078bce92b,REACH UNIVERSITY,Reach University,REACH UNIVERSITY,27-1274290,NONPROFIT,,,,,,,Education,611110,,,,,,,,,,Oakland,California,CA,,,United States,,,1,60,2026-09-17T08:47:51.391058+00:00
us_713181b8-f1e3-50d5-a546-9ef34e2f195d,CORBAN UNIVERSITY,Corban University,CORBAN UNIVERSITY,94-1312349,NONPROFIT,,,,,,,Education,611110,,,,,,,,,,Salem,Oregon,OR,,,United States,,,1,60,2026-09-17T08:47:51.391058+00:00
us_d7653afb-7833-5279-9d3d-f6a49ab4cc7e,NATIONAL UNIVERSITY CORPORATION OSAKA UNIVERSITY,National University Corporation Osaka University,NATIONAL UNIVERSITY CORPORATION OSAKA UNIVERSITY,81-4272694,NONPROFIT,,,,,,,"International, Foreign Affairs",813212,,,,,,,,,,Berkeley,California,CA,,,United States,,,1,60,2026-09-17T08:47:51.391058+00:00
us_8c21a663-3985-55ff-a054-935ab9d0fc28,CORPORATE UNIVERSITY,Corporate University,CORPORATE UNIVERSITY,46-0799143,NONPROFIT,,,,,,,Education,611110,,,,,,,,,,Fresno,California,CA,,,United States,,,1,60,2026-09-17T08:47:51.391058+00:00
us_5658dbf6-045e-5195-92a7-4d8899d44369,YALE UNIVERSITY,Yale University,YALE UNIVERSITY,60-646973,NONPROFIT,,,,,,,Education,611110,,,,,,,,,,New Haven,Connecticut,CT,,,United States,,,1,50,2026-09-17T08:47:51.391058+00:00
us_e74c87e7-5c18-56d1-9709-cdec580ce0b0,EMORY UNIVERSITY,Emory University,EMORY UNIVERSITY,58-0566256,NONPROFIT,,,,,,,Education,611110,,,,,,,,,,Atlanta,Georgia,GA,,,United States,,,1,60,2026-09-17T08:47:51.391058+00:00
us_0ed79d2a-de04-507b-9a7f-1bc42f63abe8,WASHINGTON UNIVERSITY,Washington University,WASHINGTON UNIVERSITY,43-0653611,NONPROFIT,,,,,,,Education,611110,,,,,,,,,,St Louis,Missouri,MO,,,United States,,,1,60,2026-09-17T08:47:51.391058+00:00
us_19dbf8e7-a6ff-5bba-b4ff-f62296900c4f,NORTHWESTERN UNIVERSITY,Northwestern University,NORTHWESTERN UNIVERSITY,36-2167817,NONPROFIT,,,,,,,Recreation and Sports,713940,,,,,,,,,,Evanston,Illinois,IL,,,United States,,,1,60,2026-09-17T08:47:51.391058+00:00
us_941e5d7d-ac01-57b8-9547-6160dfb9a034,PRINCETON UNIVERSITY,Princeton University,PRINCETON UNIVERSITY,21-0634501,NONPROFIT,,,,,,,Education,611110,,,,,,,,,,Princeton,New Jersey,NJ,,,United States,,,1,60,2026-09-17T08:47:51.391058+00:00
us_9d387fc7-696e-5bb8-86b4-53c970a400b4,NORTHEASTERN UNIVERSITY,Northeastern University,NORTHEASTERN UNIVERSITY,41-679980,NONPROFIT,,,,,,,Education,611110,,,,,,,,,,Boston,Massachusetts,MA,,,United States,,,1,50,2026-09-17T08:47:51.391058+00:00
us_f662b3fd-1552-5bc4-91d6-2ae75cd1fad1,VANDERBILT UNIVERSITY,Vanderbilt University,VANDERBILT UNIVERSITY,62-0476822,NONPROFIT,,,,,,,Education,611110,,,,,,,,,,Nashville,Tennessee,TN,,,United States,,,1,60,2026-09-17T08:47:51.391058+00:00
us_0cc1ddaa-f4e4-5b9c-8874-da09e185b32d,GEORGETOWN UNIVERSITY,Georgetown University,GEORGETOWN UNIVERSITY,53-0196603,NONPROFIT,,,,,,,Education,611110,,,,,,,,,,Washington,District of Columbia,DC,,,United States,,,1,60,2026-09-17T08:47:51.391058+00:00
us_ab36dff7-015d-5a73-8e1d-9f5774818ee0,BAYLOR UNIVERSITY,Baylor University,BAYLOR UNIVERSITY,74-1159753,NONPROFIT,,,,,,,Education,611110,,,,,,,,,,Waco,Texas,TX,,,United States,,,1,60,2026-09-17T08:47:51.391058+00:00
us_909c5297-8835-5602-9392-3a51abdfc66c,DREXEL UNIVERSITY,Drexel University,DREXEL UNIVERSITY,23-1352630,NONPROFIT,,,,,,,Education,611110,,,,,,,,,,Philadelphia,Pennsylvania,PA,,,United States,,,1,60,2026-09-17T08:47:51.391058+00:00
us_c9e698d9-b1be-5739-9ec6-7d3453b93b9a,HOWARD UNIVERSITY,Howard University,HOWARD UNIVERSITY,53-0204707,NONPROFIT,,,,,,,Education,611110,,,,,,,,,,Washington,District of Columbia,DC,,,United States,,,1,60,2026-09-17T08:47:51.391058+00:00
us_2a5e76f3-9b4b-55f3-b93b-6cb0f9dcd469,YORK UNIVERSITY,York University,YORK UNIVERSITY,23-7069967,NONPROFIT,,,,,,,Education,611110,,,,,,,,,,Canada,,,,,United States,,,1,55,2026-09-17T08:47:51.391058+00:00
us_eae507b3-558d-5b05-97ed-a08ca9871560,DEPAUL UNIVERSITY,Depaul University,DEPAUL UNIVERSITY,36-2167048,NONPROFIT,,,,,,,Education,611110,,,,,,,,,,Chicago,Illinois,IL,,,United States,,,1,60,2026-09-17T08:47:51.391058+00:00
us_a25138dd-b023-5c68-aee4-c1b063c5ed04,VILLANOVA UNIVERSITY,Villanova University,VILLANOVA UNIVERSITY,23-1352688,NONPROFIT,,,,,,,Education,611110,,,,,,,,,,Villanova,Pennsylvania,PA,,,United States,,,1,60,2026-09-17T08:47:51.391058+00:00
us_a6241699-bd2a-5780-81ff-3381f388e866,AMERICAN UNIVERSITY,American University,AMERICAN UNIVERSITY,53-0196549,NONPROFIT,,,,,,,Education,611110,,,,,,,,,,Washington,District of Columbia,DC,,,United States,,,1,60,2026-09-17T08:47:51.391058+00:00
us_24a45e5d-b548-53c3-b8fb-af2e5a707ba0,LEHIGH UNIVERSITY,Lehigh University,LEHIGH UNIVERSITY,24-0795445,NONPROFIT,,,,,,,Education,611110,,,,,,,,,,Bethlehem,Pennsylvania,PA,,,United States,,,1,60,2026-09-17T08:47:51.391058+00:00
us_f9b99a78-2452-5a43-8c8a-39606ea92fd5,MARQUETTE UNIVERSITY,Marquette University,MARQUETTE UNIVERSITY,39-0806251,NONPROFIT,,,,,,,Education,611110,,,,,,,,,,Milwaukee,Wisconsin,WI,,,United States,,,1,60,2026-09-17T08:47:51.391058+00:00
us_66ab3655-733a-549d-b243-5e61ab7853db,CREIGHTON UNIVERSITY,Creighton University,CREIGHTON UNIVERSITY,47-0376583,NONPROFIT,,,,,,,Education,611110,,,,,,,,,,Omaha,Nebraska,NE,,,United States,,,1,60,2026-09-17T08:47:51.391058+00:00
us_35daf2ee-f04f-5aa6-9875-fe7ae7784045,CURTIN UNIVERSITY,Curtin University,CURTIN UNIVERSITY,98-1014817,NONPROFIT,,,,,,,Education,611110,,,,,,,,,,Australia,,,,,United States,,,1,55,2026-09-17T08:47:51.391058+00:00
us_e52d5b41-25e2-57d5-971d-887a288f87ac,CHAPMAN UNIVERSITY,Chapman University,CHAPMAN UNIVERSITY,95-1643992,NONPROFIT,,,,,,,Education,611110,,,,,,,,,,Orange,California,CA,,,United States,,,1,60,2026-09-17T08:47:51.391058+00:00
us_728400d0-cde1-5be3-ae96-278fdfd6fee8,PEPPERDINE UNIVERSITY,Pepperdine University,PEPPERDINE UNIVERSITY,95-1644037,NONPROFIT,,,,,,,Education,611110,,,,,,,,,,Malibu,California,CA,,,United States,,,1,60,2026-09-17T08:47:51.391058+00:00
us_c2ce5a89-119f-5810-b852-6521a4fef743,PACE UNIVERSITY,Pace University,PACE UNIVERSITY,13-5562314,NONPROFIT,,,,,,,Education,611110,,,,,,,,,,Pleasantville,New York,NY,,,United States,,,1,60,2026-09-17T08:47:51.391058+00:00
us_d6a8f58a-8508-5197-a75a-b318ddc14fbb,DALHOUSIE UNIVERSITY,Dalhousie University,DALHOUSIE UNIVERSITY,98-6001098,NONPROFIT,,,,,,,Nonprofits and Associations,813990,,,,,,,,,,Canada,,,,,United States,,,1,55,2026-09-17T08:47:51.392052+00:00
us_eba86a07-731b-5687-b929-9f5394845ec4,QUINNIPIAC UNIVERSITY,Quinnipiac University,QUINNIPIAC UNIVERSITY,60-646701,NONPROFIT,,,,,,,Education,611110,,,,,,,,,,Hamden,Connecticut,CT,,,United States,,,1,50,2026-09-17T08:47:51.392052+00:00
us_2d03c2f9-e35c-5e0e-9c1a-4aed5ab74c43,CARLETON UNIVERSITY,Carleton University,CARLETON UNIVERSITY,23-7088831,NONPROFIT,,,,,,,Nonprofits and Associations,813990,,,,,,,,,,Canada,,,,,United States,,,1,55,2026-09-17T08:47:51.392052+00:00
us_6930e561-5601-5b9c-b9d0-79354969d523,OPEN UNIVERSITY,Open University,OPEN UNIVERSITY,98-0426561,NONPROFIT,,,,,,,Education,611110,,,,,,,,,,United Kingdom,,,,,United States,,,1,55,2026-09-17T08:47:51.392052+00:00
us_589cf745-24d2-576d-b09a-aef18f85a25f,BELMONT UNIVERSITY,Belmont University,BELMONT UNIVERSITY,62-0465076,NONPROFIT,,,,,,,Education,611110,,,,,,,,,,Nashville,Tennessee,TN,,,United States,,,1,60,2026-09-17T08:47:51.392052+00:00
us_95fe03bf-c487-5290-bb26-a6fa5ced91ea,FAIRFIELD UNIVERSITY,Fairfield University,FAIRFIELD UNIVERSITY,60-646623,NONPROFIT,,,,,,,Education,611110,,,,,,,,,,Fairfield,Connecticut,CT,,,United States,,,1,50,2026-09-17T08:47:51.392052+00:00
us_d8b53904-d10e-5259-b15c-6823866b116a,NATIONAL UNIVERSITY,National University,NATIONAL UNIVERSITY,23-7172306,NONPROFIT,,,,,,,Education,611110,,,,,,,,,,San Diego,California,CA,,,United States,,,1,60,2026-09-17T08:47:51.392052+00:00
us_64d66de5-432a-5370-abd5-9b3f4338239e,MIDWESTERN UNIVERSITY,Midwestern University,MIDWESTERN UNIVERSITY,36-3377698,NONPROFIT,,,,,,,Education,611110,,,,,,,,,,Downers Grove,Illinois,IL,,,United States,,,1,60,2026-09-17T08:47:51.392052+00:00
us_df5088f0-ddae-5fad-9ed9-9c5fe9979b82,SEATTLE UNIVERSITY,Seattle University,SEATTLE UNIVERSITY,91-0565006,NONPROFIT,,,,,,,Nonprofits and Associations,813990,,,,,,,,,,Seattle,Washington,WA,,,United States,,,1,60,2026-09-17T08:47:51.392052+00:00
us_c7c3ea0b-8c1a-559e-9dfe-9331cc80f5b7,BRANDEIS UNIVERSITY,Brandeis University,BRANDEIS UNIVERSITY,42-103552,NONPROFIT,,,,,,,Education,611110,,,,,,,,,,Waltham,Massachusetts,MA,,,United States,,,1,50,2026-09-17T08:47:51.392052+00:00
us_9f5a38d9-8ebd-5f32-b31c-4f9cd5b85292,TOURO UNIVERSITY,Touro University,TOURO UNIVERSITY,13-2676570,NONPROFIT,,,,,,,Education,611110,,,,,,,,,,New York,New York,NY,,,United States,,,1,60,2026-09-17T08:47:51.392052+00:00
us_cd5e4c70-94bd-520b-9af5-5106f2d1c94a,ROCKEFELLER UNIVERSITY,Rockefeller University,ROCKEFELLER UNIVERSITY,13-1624158,NONPROFIT,,,,,,,Education,611110,,,,,,,,,,New York,New York,NY,,,United States,,,1,60,2026-09-17T08:47:51.392052+00:00
us_8cf6d90d-5d52-583f-8100-349ef5b78075,MCPHS UNIVERSITY,Mcphs University,MCPHS UNIVERSITY,42-104700,NONPROFIT,,,,,,,Education,611110,,,,,,,,,,Boston,Massachusetts,MA,,,United States,,,1,50,2026-09-17T08:47:51.392052+00:00
us_4f0810d3-3166-5eed-a854-061a3f162683,YESHIVA UNIVERSITY,Yeshiva University,YESHIVA UNIVERSITY,13-1624225,NONPROFIT,,,,,,,Education,611110,,,,,,,,,,New York,New York,NY,,,United States,,,1,60,2026-09-17T08:47:51.392052+00:00
us_128003cb-391d-5f3f-8048-99406eafb754,WESLEYAN UNIVERSITY,Wesleyan University,WESLEYAN UNIVERSITY,60-646959,NONPROFIT,,,,,,,Education,611110,,,,,,,,,,Middletown,Connecticut,CT,,,United States,,,1,50,2026-09-17T08:47:51.392052+00:00
us_bcc61a2c-d34f-5457-bc43-af38448c44aa,ELON UNIVERSITY,Elon University,ELON UNIVERSITY,56-0532303,NONPROFIT,,,,,,,Education,611110,,,,,,,,,,Elon,North Carolina,NC,,,United States,,,1,60,2026-09-17T08:47:51.392052+00:00
us_83fca80c-9e95-5133-b5a4-c5174907d155,ANDERSON HOSPITAL,Anderson Hospital,ANDERSON HOSPITAL,37-0662561,NONPROFIT,,,,,,,Health — General and Rehabilitative,621111,,,,,,,,,,Maryville,Illinois,IL,,,United States,,,1,60,2026-09-17T08:47:52.139336+00:00
us_c86ce74c-9fde-55f6-af42-bc7349596e2c,METHODIST HOSPITAL,Methodist Hospital,METHODIST HOSPITAL,76-0094743,NONPROFIT,,,,,,,Health — General and Rehabilitative,621111,,,,,,,,,,Houston,Texas,TX,,,United States,,,1,60,2026-09-17T08:47:52.139336+00:00
us_9f47d59b-7a50-5630-a0af-66db83e03091,DEFIANCE HOSPITAL INC,Defiance Hospital Inc,DEFIANCE HOSPITAL,34-4446484,NONPROFIT,,,,,,,Health — General and Rehabilitative,621111,,,,,,,,,,Toledo,Ohio,OH,,,United States,,,1,60,2026-09-17T08:47:52.139336+00:00
us_699fa2d9-dd0b-5b91-a2c9-90fcc6822f9e,HARTFORD HOSPITAL,Hartford Hospital,HARTFORD HOSPITAL,60-646668,NONPROFIT,,,,,,,Health — General and Rehabilitative,621111,,,,,,,,,,Hartford,Connecticut,CT,,,United States,,,1,50,2026-09-17T08:47:52.139336+00:00
us_9eb7ae7d-2b01-584c-99d5-16b24745c607,PRESBYTERIAN HOSPITAL,Presbyterian Hospital,PRESBYTERIAN HOSPITAL,56-0554230,NONPROFIT,,,,,,,Health — General and Rehabilitative,621111,,,,,,,,,,Winston Salem,North Carolina,NC,,,United States,,,1,60,2026-09-17T08:47:52.139336+00:00
us_65e92062-5420-58d4-88d3-67f50380fde1,YORK HOSPITAL,York Hospital,YORK HOSPITAL,23-1352222,NONPROFIT,,,,,,,Health — General and Rehabilitative,621111,,,,,,,,,,York,Pennsylvania,PA,,,United States,,,1,60,2026-09-17T08:47:52.139336+00:00
us_b67e6512-340f-5e5f-96c8-dd9869fba5a4,TOLEDO HOSPITAL,Toledo Hospital,TOLEDO HOSPITAL,34-4428256,NONPROFIT,,,,,,,Health — General and Rehabilitative,621111,,,,,,,,,,Toledo,Ohio,OH,,,United States,,,1,60,2026-09-17T08:47:52.139336+00:00
us_beebc0c7-89b8-5afa-9142-adcd2052d56a,READING HOSPITAL,Reading Hospital,READING HOSPITAL,23-1352204,NONPROFIT,,,,,,,Health — General and Rehabilitative,621111,,,,,,,,,,West Reading,Pennsylvania,PA,,,United States,,,1,60,2026-09-17T08:47:52.139336+00:00
us_de568af4-0a2b-50bc-8e70-0062ece6350a,CHRIST HOSPITAL,Christ Hospital,CHRIST HOSPITAL,31-0538525,NONPROFIT,,,,,,,Health — General and Rehabilitative,621111,,,,,,,,,,Cincinnati,Ohio,OH,,,United States,,,1,60,2026-09-17T08:47:52.139336+00:00
us_ddb8643b-5c70-59ce-ad36-00aaf581d48b,COBB HOSPITAL,Cobb Hospital,COBB HOSPITAL,58-0968382,NONPROFIT,,,,,,,Health — General and Rehabilitative,621111,,,,,,,,,,Marietta,Georgia,GA,,,United States,,,1,60,2026-09-17T08:47:52.139336+00:00
us_872e9da9-cd83-564f-a728-248773dd8e11,REGIONS HOSPITAL,Regions Hospital,REGIONS HOSPITAL,41-0956618,NONPROFIT,,,,,,,Health — General and Rehabilitative,621111,,,,,,,,,,Bloomington,Minnesota,MN,,,United States,,,1,60,2026-09-17T08:47:52.139336+00:00
us_f95db098-162c-5098-87cf-8e92fb69c7f5,SWEDISHAMERICAN HOSPITAL,Swedishamerican Hospital,SWEDISHAMERICAN HOSPITAL,36-2222696,NONPROFIT,,,,,,,Health — General and Rehabilitative,621111,,,,,,,,,,Rockford,Illinois,IL,,,United States,,,1,60,2026-09-17T08:47:52.139336+00:00
us_99deba60-7b89-5049-94ca-e3d46a46c2e1,BRIDGEPORT HOSPITAL,Bridgeport Hospital,BRIDGEPORT HOSPITAL,60-646554,NONPROFIT,,,,,,,Health — General and Rehabilitative,621111,,,,,,,,,,Bridgeport,Connecticut,CT,,,United States,,,1,50,2026-09-17T08:47:52.139336+00:00
us_937ebee1-5934-512f-b028-48e2bb09d24e,EDWARD HOSPITAL,Edward Hospital,EDWARD HOSPITAL,36-3297173,NONPROFIT,,,,,,,Health — General and Rehabilitative,621111,,,,,,,,,,Arlington Hts,Illinois,IL,,,United States,,,1,60,2026-09-17T08:47:52.139336+00:00
us_f1401b1e-60c6-56cd-988c-759042c6a5ae,DANBURY HOSPITAL,Danbury Hospital,DANBURY HOSPITAL,60-646597,NONPROFIT,,,,,,,Health — General and Rehabilitative,621111,,,,,,,,,,Danbury,Connecticut,CT,,,United States,,,1,50,2026-09-17T08:47:52.139336+00:00
us_c89c09a2-c175-5aa4-9bb5-ca737a4f96df,STAMFORD HOSPITAL,Stamford Hospital,STAMFORD HOSPITAL,60-646917,NONPROFIT,,,,,,,Health — General and Rehabilitative,621111,,,,,,,,,,Stamford,Connecticut,CT,,,United States,,,1,50,2026-09-17T08:47:52.139336+00:00
us_3b5449c2-2e0a-5c77-9d48-db6a3ebfb246,BLESSING HOSPITAL,Blessing Hospital,BLESSING HOSPITAL,37-0661183,NONPROFIT,,,,,,,Health — General and Rehabilitative,621111,,,,,,,,,,Quincy,Illinois,IL,,,United States,,,1,60,2026-09-17T08:47:52.139336+00:00
us_897f6d3b-7231-506f-8013-92a5ac137921,METROPOLITAN HOSPITAL,Metropolitan Hospital,METROPOLITAN HOSPITAL,38-0593405,NONPROFIT,,,,,,,Health — General and Rehabilitative,621111,,,,,,,,,,Wyoming,Michigan,MI,,,United States,,,1,60,2026-09-17T08:47:52.139336+00:00
us_ec9ce628-42e3-54e6-9170-d25f9cb17afa,GREENWICH HOSPITAL,Greenwich Hospital,GREENWICH HOSPITAL,60-646659,NONPROFIT,,,,,,,Health — General and Rehabilitative,621111,,,,,,,,,,Greenwich,Connecticut,CT,,,United States,,,1,50,2026-09-17T08:47:52.140332+00:00
us_71ebf4c6-48c7-58eb-92f5-920a42efcc91,MIDDLESEX HOSPITAL,Middlesex Hospital,MIDDLESEX HOSPITAL,60-646718,NONPROFIT,,,,,,,Health — General and Rehabilitative,621111,,,,,,,,,,Middletown,Connecticut,CT,,,United States,,,1,50,2026-09-17T08:47:52.140332+00:00
us_437b8db6-3624-5c55-b9ad-2c1752894d11,SAMARITAN HOSPITAL,Samaritan Hospital,SAMARITAN HOSPITAL,14-1338544,NONPROFIT,,,,,,,Health — General and Rehabilitative,621111,,,,,,,,,,Troy,New York,NY,,,United States,,,1,60,2026-09-17T08:47:52.140332+00:00
us_7146686f-2b1e-5db6-af4f-f46dc83a6040,ELLIS HOSPITAL,Ellis Hospital,ELLIS HOSPITAL,14-1338428,NONPROFIT,,,,,,,Health — General and Rehabilitative,621111,,,,,,,,,,Schenectady,New York,NY,,,United States,,,1,60,2026-09-17T08:47:52.140332+00:00
us_a308f7d2-9fb3-5827-a2d4-9974e4592c9b,WINCHESTER HOSPITAL,Winchester Hospital,WINCHESTER HOSPITAL,42-104434,NONPROFIT,,,,,,,Health — General and Rehabilitative,621111,,,,,,,,,,Winchester,Massachusetts,MA,,,United States,,,1,50,2026-09-17T08:47:52.140332+00:00
us_09a6c13a-7d1b-52af-91c8-f06344f3a608,CHILDRENS HOSPITAL,Childrens Hospital,CHILDRENS HOSPITAL,31-0537130,NONPROFIT,,,,,,,Health — General and Rehabilitative,621111,,,,,,,,,,Cincinnati,Ohio,OH,,,United States,,,1,60,2026-09-17T08:47:52.140332+00:00
us_632e67ba-16f1-581e-ab34-2363eb192475,SOUTHEAST HOSPITAL,Southeast Hospital,SOUTHEAST HOSPITAL,43-0654874,NONPROFIT,,,,,,,Health — General and Rehabilitative,621111,,,,,,,,,,Cpe Girardeau,Missouri,MO,,,United States,,,1,60,2026-09-17T08:47:52.140332+00:00
us_2eb28f66-9cde-5683-8764-be78bcdfb808,OROVILLE HOSPITAL,Oroville Hospital,OROVILLE HOSPITAL,94-1634554,NONPROFIT,,,,,,,Health — General and Rehabilitative,621111,,,,,,,,,,Oroville,California,CA,,,United States,,,1,60,2026-09-17T08:47:52.140332+00:00
us_3ad9e808-5914-5ec6-8cdf-ffb6c9b74753,EMERSON HOSPITAL,Emerson Hospital,EMERSON HOSPITAL,42-103565,NONPROFIT,,,,,,,Health — General and Rehabilitative,621111,,,,,,,,,,Concord,Massachusetts,MA,,,United States,,,1,50,2026-09-17T08:47:52.140332+00:00
us_b3d5535b-6669-5a8b-8eda-1a365b33112c,GETTYSBURG HOSPITAL,Gettysburg Hospital,GETTYSBURG HOSPITAL,23-1352220,NONPROFIT,,,,,,,Health — General and Rehabilitative,621111,,,,,,,,,,York,Pennsylvania,PA,,,United States,,,1,60,2026-09-17T08:47:52.140332+00:00
us_949922fa-41f2-541c-8c96-7aaf9303b9d3,PLAINVIEW HOSPITAL,Plainview Hospital,PLAINVIEW HOSPITAL,11-3241243,NONPROFIT,,,,,,,Health — General and Rehabilitative,621111,,,,,,,,,,Westbury,New York,NY,,,United States,,,1,60,2026-09-17T08:47:52.140332+00:00
us_40a990b8-2727-5697-88ea-1bd1967957d6,FLOWER HOSPITAL,Flower Hospital,FLOWER HOSPITAL,34-4428794,NONPROFIT,,,,,,,Nonprofits and Associations,813990,,,,,,,,,,Toledo,Ohio,OH,,,United States,,,1,60,2026-09-17T08:47:52.140332+00:00
us_65fc6660-054b-5ec5-b010-f027c186c5e3,CORNING HOSPITAL,Corning Hospital,CORNING HOSPITAL,16-0393490,NONPROFIT,,,,,,,Health — General and Rehabilitative,621111,,,,,,,,,,Corning,New York,NY,,,United States,,,1,60,2026-09-17T08:47:52.140332+00:00
us_e290c1c4-faf6-5b49-b5cd-389a00dd8e9d,YORK HOSPITAL,York Hospital,YORK HOSPITAL,10-212444,NONPROFIT,,,,,,,Health — General and Rehabilitative,621111,,,,,,,,,,York,Maine,ME,,,United States,,,1,50,2026-09-17T08:47:52.140332+00:00
us_2a8758db-a3f7-5236-b96d-f73bc6eb4689,UNIONTOWN HOSPITAL,Uniontown Hospital,UNIONTOWN HOSPITAL,25-0965588,NONPROFIT,,,,,,,Health — General and Rehabilitative,621111,,,,,,,,,,Uniontown,Pennsylvania,PA,,,United States,,,1,60,2026-09-17T08:47:52.140332+00:00
us_a7a41765-8ab8-5d36-95d3-1783cf481398,PROCTOR HOSPITAL,Proctor Hospital,PROCTOR HOSPITAL,37-0681540,NONPROFIT,,,,,,,Health — General and Rehabilitative,621111,,,,,,,,,,Urbana,Illinois,IL,,,United States,,,1,60,2026-09-17T08:47:52.140332+00:00
us_37b24c3d-94be-5156-ad78-d061fc1a05ae,BUTLER HOSPITAL,Butler Hospital,BUTLER HOSPITAL,50-258812,NONPROFIT,,,,,,,Mental Health and Crisis Intervention,621420,,,,,,,,,,Providence,Rhode Island,RI,,,United States,,,1,50,2026-09-17T08:47:52.140332+00:00
us_5fa8b9a1-7374-5ada-90c6-e578a267118f,NEWPORT HOSPITAL,Newport Hospital,NEWPORT HOSPITAL,50-258914,NONPROFIT,,,,,,,Health — General and Rehabilitative,621111,,,,,,,,,,Newport,Rhode Island,RI,,,United States,,,1,50,2026-09-17T08:47:52.140332+00:00
us_cea04426-cc3a-5e2c-9248-c8c5ef1f7846,CRAIG HOSPITAL,Craig Hospital,CRAIG HOSPITAL,84-0404233,NONPROFIT,,,,,,,Health — General and Rehabilitative,621111,,,,,,,,,,Englewood,Colorado,CO,,,United States,,,1,60,2026-09-17T08:47:52.140332+00:00
us_6d196a46-37ea-536b-8f31-2fac4a541a43,WAYNESBORO HOSPITAL,Waynesboro Hospital,WAYNESBORO HOSPITAL,23-1360854,NONPROFIT,,,,,,,Health — General and Rehabilitative,621111,,,,,,,,,,York,Pennsylvania,PA,,,United States,,,1,60,2026-09-17T08:47:52.140332+00:00
us_c17bc7d5-4274-5fa1-803a-b03b0ababf3c,SOMERVILLE HOSPITAL,Somerville Hospital,SOMERVILLE HOSPITAL,42-103852,NONPROFIT,,,,,,,Health — General and Rehabilitative,621111,,,,,,,,,,Malden,Massachusetts,MA,,,United States,,,1,50,2026-09-17T08:47:52.140332+00:00
us_42349e95-5e0a-59f3-9a4f-58c9aa11fed9,LANSDALE HOSPITAL,Lansdale Hospital,LANSDALE HOSPITAL,26-3359979,NONPROFIT,,,,,,,Health — General and Rehabilitative,621111,,,,,,,,,,Lansdale,Pennsylvania,PA,,,United States,,,1,60,2026-09-17T08:47:52.140332+00:00
us_8107b233-0412-58e9-b4b0-3d4927f9b81f,HUGGINS HOSPITAL,Huggins Hospital,HUGGINS HOSPITAL,20-223332,NONPROFIT,,,,,,,Health — General and Rehabilitative,621111,,,,,,,,,,Wolfeboro,New Hampshire,NH,,,United States,,,1,50,2026-09-17T08:47:52.140332+00:00
us_ed84e371-bebd-5ba2-880c-5b6b7c074347,GSL HOSPITAL,Gsl Hospital,GSL HOSPITAL,82-4432109,NONPROFIT,,,,,,,Health — General and Rehabilitative,621111,,,,,,,,,,Allentown,Pennsylvania,PA,,,United States,,,1,60,2026-09-17T08:47:52.140332+00:00
us_7022bcb9-7a30-562c-9624-7c89aef75016,FAIRVIEW HOSPITAL,Fairview Hospital,FAIRVIEW HOSPITAL,42-133860,NONPROFIT,,,,,,,Health — General and Rehabilitative,621111,,,,,,,,,,Pittsfield,Massachusetts,MA,,,United States,,,1,50,2026-09-17T08:47:52.140332+00:00
us_a2a8492e-96cf-59f1-a1c5-ba08a1a61461,MEMORIAL HOSPITAL,Memorial Hospital,MEMORIAL HOSPITAL,34-4430849,NONPROFIT,,,,,,,Health — General and Rehabilitative,621111,,,,,,,,,,Toledo,Ohio,OH,,,United States,,,1,60,2026-09-17T08:47:52.140332+00:00
us_e881c802-660f-507d-88c3-4738a747ae2d,JEANES HOSPITAL,Jeanes Hospital,JEANES HOSPITAL,23-2826045,NONPROFIT,,,,,,,Health — General and Rehabilitative,621111,,,,,,,,,,Philadelphia,Pennsylvania,PA,,,United States,,,1,60,2026-09-17T08:47:52.140332+00:00
us_e6b72314-8afd-50a8-a6f6-8ea8a91a9027,RICHLAND HOSPITAL,Richland Hospital,RICHLAND HOSPITAL,39-0808498,NONPROFIT,,,,,,,Health — General and Rehabilitative,621111,,,,,,,,,,Richland Ctr,Wisconsin,WI,,,United States,,,1,60,2026-09-17T08:47:52.140332+00:00
us_03c656d4-d9b9-542a-9d8a-0b2222e15723,SCHEURER HOSPITAL,Scheurer Hospital,SCHEURER HOSPITAL,38-1456056,NONPROFIT,,,,,,,Health — General and Rehabilitative,621111,,,,,,,,,,Pigeon,Michigan,MI,,,United States,,,1,60,2026-09-17T08:47:52.140332+00:00
us_9e14f49c-7b95-5b8d-8298-a116c58ec865,LORETTO HOSPITAL,Loretto Hospital,LORETTO HOSPITAL,36-2200248,NONPROFIT,,,,,,,Health — General and Rehabilitative,621111,,,,,,,,,,Chicago,Illinois,IL,,,United States,,,1,60,2026-09-17T08:47:52.140332+00:00
us_b26c78eb-5514-581a-925c-5ed564c83b7c,CLARION HOSPITAL,Clarion Hospital,CLARION HOSPITAL,25-1010039,NONPROFIT,,,,,,,Health — General and Rehabilitative,621111,,,,,,,,,,Clarion,Pennsylvania,PA,,,United States,,,1,60,2026-09-17T08:47:52.140332+00:00
us_62c0f356-06bb-5803-86c6-bec58530c691,BRADFORD HOSPITAL,Bradford Hospital,BRADFORD HOSPITAL,25-0965270,NONPROFIT,,,,,,,Nonprofits and Associations,813990,,,,,,,,,,Bradford,Pennsylvania,PA,,,United States,,,1,60,2026-09-17T08:47:52.140332+00:00
