company_id,legal_name,trade_name,rfc,rfc_type,industry,industry_code,employee_count_min,employee_count_max,website,domain,company_phone,company_email,street,number,colony,municipality,state,postal_code,country,latitude,longitude,executive_name,executive_title,standardized_title,seniority_level,department,executive_work_email,email_status,executive_phone,all_sources_combined,source_count,data_quality_score,last_verified_at
mx_899f29b3-fbbb-8e57-9923-7adea4d9372f,TECNOLOGIAS DE MEXICO SA DE CV,TECNOLOGIAS DE MEXICO,TME150115AB1,MORAL,Servicios Profesionales,541510,25,25,https://tec-mexico.com.mx,tec-mexico.com.mx,+525555123456,contacto@tec-mexico.com.mx,Av. Insurgentes Sur,1602 Int Piso 4,Credito Constructor,Benito Juarez,Ciudad de México,03940,Mexico,,,Carlos Gonzalez Rodriguez,Chief Executive Officer (CEO),Chief Executive Officer (CEO),C_SUITE,EXECUTIVE,carlos.gonzalez@tec-mexico.com.mx,VERIFIED,5512345678,SAT;SIEM;SUPPLIER_REGISTRY,3,96,2026-09-17T12:28:00.991929+00:00
mx_f36da3f1-76e9-d7cb-f6f2-503d4d3345b5,CONSTRUCCIONES DEL SURESTE SA DE CV,CONSTRUCCIONES SURESTE,CSO120405H89,MORAL,,,,,https://consureste.com.mx,consureste.com.mx,+529999123456,contacto@consureste.com.mx,Calle 60,305,Centro,Merida,Yucatán,97000,Mexico,,,Jorge Luis Hernandez Medina,Representante Legal y Administrador Unico,Sole Administrator / Owner,FOUNDER,EXECUTIVE,jorge.hernandez@consureste.com.mx,VERIFIED,9991234567,SAT;SUPPLIER_REGISTRY,2,81,2026-09-17T12:28:00.991929+00:00
mx_2f040c3d-bc7c-d8f1-9df9-b67aed2d1f32,QUIMICA NACIONAL S.A.B. DE C.V.,QUIMICA NACIONAL,QUN960609Y5H,MORAL,Fabricación de productos farmacéuticos y medicamentos,3254,0,5,https://www.quimicanacional.mx,quimicanacional.mx,+527994175233,contacto@quimicanacional.mx,Prolongación Reforma,857 Int Piso 7,Polanco,Tecomán,Colima,06788,Mexico,24.203905,-99.453997,Guillermo Navarro,Director General,Chief Executive Officer (CEO),C_SUITE,EXECUTIVE,gnavarro@quimicanacional.mx,VERIFIED,+527976642528,DENUE,1,97,2026-09-17T12:27:58.458159+00:00
mx_11e944e9-361e-a2ef-dd05-b81be6344488,CORPORATIVO NACIONAL S. DE R.L. DE C.V.,CORPORATIVO NACIONAL,CON9602206NX,MORAL,Fabricación de equipo de transporte y autopartes,3363,0,5,https://www.corporativonaciona.com,corporativonaciona.com,+527936013836,contacto@corporativonaciona.com,Carretera 5 de Mayo,2265,Parque Industrial,Xalapa,Veracruz,30650,Mexico,20.865006,-96.472099,Guillermo Castro,Vicepresidente de Operaciones,Vice President (VP),VP,EXECUTIVE,gcastro@corporativonaciona.com,VERIFIED,+527949510839,DENUE,1,97,2026-09-17T12:27:58.458159+00:00
mx_58b4b134-1b7f-a6f4-8387-234a0dd4f32f,DISTRIBUIDORA DEL PACIFICO S.A.P.I. DE C.V.,DISTRIBUIDORA DEL PACIFICO,DID010515XGS,MORAL,Fabricación de estructuras metálicas y pailería industrial,3323,101,250,https://www.distribuidoradelpa.com.mx,distribuidoradelpa.com.mx,+525588201131,contacto@distribuidoradelpa.com.mx,Calle Venustiano Carranza,659,Parque Industrial Querétaro,Cuauhtémoc,Ciudad de México,09590,Mexico,17.720293,-105.029694,Mariana Villaseñor,Directora de Recursos Humanos,Chief Human Resources Officer (CHRO),C_SUITE,HR_PEOPLE,mvillaseñor@distribuidoradelpa.com.mx,VERIFIED,+525531042094,DENUE,1,97,2026-09-17T12:27:58.458159+00:00
mx_612a16ed-742e-182c-051b-49c777323b93,SERVICIOS INTEGRALES INNOVADORA S.A.P.I. DE C.V.,SERVICIOS INTEGRALES INNOVADORA,SEI960611U4Z,MORAL,Servicios de consultoría en administración y gestión empresarial,5416,6,10,https://www.serviciosintegrale.com.mx,serviciosintegrale.com.mx,+528772652524,contacto@serviciosintegrale.com.mx,Paseo Paseo Cuauhnáhuac,924,Roma Norte,Ensenada,Baja California,02773,Mexico,18.190531,-97.253098,Rodrigo Herrera,Director de Tecnología,Chief Technology Officer (CTO),C_SUITE,ENGINEERING_IT,rherrera@serviciosintegrale.com.mx,VERIFIED,+528723418123,DENUE,1,97,2026-09-17T12:27:58.458159+00:00
mx_c564cc12-b42c-28ed-86e9-b0edf2cdea49,PLASTICOS CONTINENTAL S. DE R.L. DE C.V.,PLASTICOS CONTINENTAL,PLC220920V23,MORAL,Fabricación de productos químicos básicos y resinas sintéticas,3251,51,100,https://www.plasticoscontinent.mx,plasticoscontinent.mx,+525910567163,contacto@plasticoscontinent.mx,Av. Constitución,3227,Parque Industrial Monterrey,Comitán,Chiapas,07925,Mexico,16.548133,-99.795225,Alfonso Ruiz,Director de Operaciones,Chief Operating Officer (COO),C_SUITE,OPERATIONS,aruiz@plasticoscontinent.mx,VERIFIED,+525948465617,DENUE,1,97,2026-09-17T12:27:58.458159+00:00
mx_a08c4620-69cf-8994-42c7-7c32ca2a58eb,LOGISTICA Y DISTRIBUCION OCCIDENTE S DE RL DE CV,LOGISTICA OCCIDENTE,LDO180620XY9,MORAL,Transporte y Logistica,492110,75,75,https://logisticaoccidente.com.mx,logisticaoccidente.com.mx,+523336123456,atencion@logisticaoccidente.com.mx,Calz. Lazaro Cardenas,2300,Las Torres,Guadalajara,Jalisco,44920,Mexico,,,Ana Maria Torres Vazquez,Directora de Recursos Humanos (CHRO),Chief Human Resources Officer (CHRO),C_SUITE,HR_PEOPLE,ana.torres@logisticaoccidente.com.mx,VERIFIED,3319876543,SIEM,1,93,2026-09-17T12:27:58.461151+00:00
mx_8e7eb7a6-3dcc-b8b6-7907-570fc199772c,ALIMENTOS Y BEBIDAS DE PUEBLA SA DE CV,BEBIDAS DE PUEBLA,ALM050810JK3,MORAL,Manufactura de Alimentos,311900,40,40,https://alimentosdelcentro.com.mx,alimentosdelcentro.com.mx,+522222123456,ventas@alimentosdelcentro.com.mx,Av Juarez,1402,La Paz,Puebla,Puebla,72160,Mexico,,,Roberto Sanchez Lopez,Director de Finanzas (CFO),Chief Financial Officer (CFO),C_SUITE,FINANCE,roberto.sanchez@alimentosdelcentro.com.mx,VERIFIED,2225678901,SIEM,1,93,2026-09-17T12:27:58.462111+00:00
mx_b50da08c-3cb0-c2cf-c8d9-8b6439338ba4,Comercio y Servicios de México S.C.,Comercio y Servicios de México,CYS8905053UU,MORAL,Comercio al por Mayor de Artículos Industriales,,51,100,https://www.comercioyserviciosde.com.mx,comercioyserviciosde.com.mx,+524421031676,contacto@comercioyserviciosde.com.mx,Circuito 5 de Mayo,168,San Rafael,Colón,Querétaro,76004,Mexico,,,David Mendoza García,Gerente de Planta,General Manager,MANAGER,OPERATIONS,dmendoza@comercioyserviciosde.com.mx,VERIFIED,+524421031676,SIEM,1,88,2026-09-17T12:27:58.462111+00:00
mx_c32c7977-06ad-2a13-a98f-9e5c5f8917bc,Desarrolladora de México S.P.R. DE R.L.,Desarrolladora de México,DDM90060664J,MORAL,Fabricación de Bienes de Consumo,,101,250,https://www.desarrolladorademéxi.mx,desarrolladorademéxi.mx,+522221039595,,Paseo Manuel Ávila Camacho,185,Roma Norte,Puebla,Puebla,72005,Mexico,,,Jorge Salinas Vega,Director de Compras,Chief Procurement Officer (CPO),C_SUITE,PROCUREMENT,jsalinas@desarrolladorademéxi.mx,VERIFIED,+522221039595,SIEM,1,78,2026-09-17T12:27:58.462111+00:00
mx_207cf66a-17f1-2b25-eb9e-c832961d1daa,Inversiones Mexicana S.A.S.,,IMX8804040J4,MORAL,,,,,,,,,,,,,,,Mexico,,,Eduardo Hernández Ruiz,Director Comercial,Chief Revenue Officer (CRO),C_SUITE,SALES_MARKETING,ehernández@inversionesmexicana.mx,VERIFIED,+527221023757,SAT,1,32,2026-09-17T12:28:00.987810+00:00
mx_4ada7557-8735-006f-9900-c91b46c2f159,Compañía Operadora Mexicana S.C.,,COM8905053UU,MORAL,,,,,,,,,,,,,,,Mexico,,,David Mendoza García,Gerente de Planta,General Manager,MANAGER,OPERATIONS,dmendoza@compañíaoperadoramex.com.mx,VERIFIED,+524421031676,SAT,1,32,2026-09-17T12:28:00.987810+00:00
mx_e98977af-e41a-06f7-d9b6-4f4c2cb5face,Corporación Fiscal Nacional S.P.R. DE R.L.,,CFN90060664J,MORAL,,,,,,,,,,,,,,,Mexico,,,Jorge Salinas Vega,Director de Compras,Chief Procurement Officer (CPO),C_SUITE,PROCUREMENT,jsalinas@corporaciónfiscalnac.mx,VERIFIED,+522221039595,SAT,1,32,2026-09-17T12:28:00.987810+00:00
mx_adbfda30-d55c-4e78-c87e-17c4060b88d9,MANUFACTURA INDUSTRIAL DEL NORTE SAPI DE CV,MANUFACTURA NORTE,MIN190310ZZ4,MORAL,Siderurgia y Metalmecanica,,,,https://www.manufacturanorte.com,manufacturanorte.com,+528183123456,licitaciones@manufacturanorte.com,Diaz Ordaz,100,Santa Maria,Monterrey,Nuevo León,64650,Mexico,,,Alejandro Morales Garza,Director de Operaciones (COO),Chief Operating Officer (COO),C_SUITE,OPERATIONS,alejandro.morales@manufacturanorte.com,VERIFIED,8119876543,SUPPLIER_REGISTRY,1,88,2026-09-17T12:28:00.989808+00:00
mx_c0caebfa-e091-81ba-99cb-a2958af73d36,Mantenimiento Vial de México S.C.,Mantenimiento Vial de México,MVD8905053UU,MORAL,,,,,https://www.mantenimientovialdem.com.mx,mantenimientovialdem.com.mx,+524421031676,contacto@mantenimientovialdem.com.mx,Circuito 5 de Mayo,168,San Rafael,Colón,Querétaro,76004,Mexico,,,David Mendoza García,Gerente de Planta,General Manager,MANAGER,OPERATIONS,dmendoza@mantenimientovialdem.com.mx,VERIFIED,+524421031676,SUPPLIER_REGISTRY,1,78,2026-09-17T12:28:00.989808+00:00
mx_9783ae22-01d8-053d-1c2c-0b382bd6882f,Equipamiento Urbano de México S.P.R. DE R.L.,Equipamiento Urbano de México,EUD90060664J,MORAL,,,,,https://www.equipamientourbanode.mx,equipamientourbanode.mx,+522221039595,contacto@equipamientourbanode.mx,Paseo Manuel Ávila Camacho,185,Roma Norte,Puebla,Puebla,72005,Mexico,,,Jorge Salinas Vega,Director de Compras,Chief Procurement Officer (CPO),C_SUITE,PROCUREMENT,jsalinas@equipamientourbanode.mx,VERIFIED,+522221039595,SUPPLIER_REGISTRY,1,78,2026-09-17T12:28:00.989808+00:00
mx_5c98341d-e215-e0a1-90f6-2b2b1e10aa45,INDUSTRIAS METALMECANICAS DE MORELOS S.A. DE C.V.,METALMECANICA MORELOS,IMM980312AB3,MORAL,Fabricación de estructuras metálicas y maquinaria industrial,,51,100,https://www.metalmecanicamorelos.com.mx,metalmecanicamorelos.com.mx,+527773221100,contacto@metalmecanicamorelos.com.mx,Av. Paseo Cuauhnáhuac,1500 Int Bodega 4,Parque Industrial CIVAC,Jiutepec,Morelos,62578,Mexico,,,Roberto Alarcón Morales,Director General,Chief Executive Officer (CEO),C_SUITE,EXECUTIVE,ralarcon@metalmecanicamorelos.com.mx,VERIFIED,+527773221100,CANACINTRA,1,88,2026-09-17T12:28:01.002346+00:00
mx_8b6288de-f75b-ddad-b829-6f764df3fc84,QUIMICA TRANSFORMADORA NACIONAL S.A. DE C.V.,QUIMITRANS,QTN050819KJ9,MORAL,Fabricación de resinas y polímeros sintéticos,,101,250,https://www.quimitrans.com.mx,quimitrans.com.mx,+525556781234,ventas@quimitrans.com.mx,Calzada Vallejo,850,Industrial Vallejo,Azcapotzalco,Ciudad de México,02300,Mexico,,,Mariana Valenzuela Ruiz,Directora Comercial,Chief Revenue Officer (CRO),C_SUITE,SALES_MARKETING,mvalenzuela@quimitrans.com.mx,VERIFIED,+525556781234,CANACINTRA,1,88,2026-09-17T12:28:01.002346+00:00
mx_812a9b24-6e66-1e0b-a27f-ebfc32bb0378,Transformadora del Norte S.A.S.,Transformadora del Norte,TDN8804040J4,MORAL,Fundición de Metales y Aleaciones,,31,50,https://www.transformadoradelnor.mx,transformadoradelnor.mx,+527221023757,contacto@transformadoradelnor.mx,Boulevard Benito Juárez,151,Parque Industrial,Cuautitlán Izcalli,México,50003,Mexico,,,Eduardo Hernández Ruiz,Director Comercial,Chief Revenue Officer (CRO),C_SUITE,SALES_MARKETING,ehernández@transformadoradelnor.mx,VERIFIED,+527221023757,CANACINTRA,1,88,2026-09-17T12:28:01.003351+00:00
mx_e6215374-dd0f-8326-f7f1-312e600b596a,Fundición del Norte S.C.,Fundición del Norte,FDN8905053UU,MORAL,Manufactura de Componentes Electromecánicos,,51,100,https://www.fundicióndelnorte.com.mx,fundicióndelnorte.com.mx,+524421031676,,Circuito 5 de Mayo,168,San Rafael,Colón,Querétaro,76004,Mexico,,,David Mendoza García,Gerente de Planta,General Manager,MANAGER,OPERATIONS,dmendoza@fundicióndelnorte.com.mx,VERIFIED,+524421031676,CANACINTRA,1,78,2026-09-17T12:28:01.003351+00:00
mx_2a2ceb1d-8969-a86c-de7c-bfdf34c83f70,Estructuras del Norte S.P.R. DE R.L.,Estructuras del Norte,EDN90060664J,MORAL,Producción de Equipos de Enfriamiento Industrial,,101,250,https://www.estructurasdelnorte.mx,estructurasdelnorte.mx,+522221039595,contacto@estructurasdelnorte.mx,Paseo Manuel Ávila Camacho,185,Roma Norte,Puebla,Puebla,72005,Mexico,,,Jorge Salinas Vega,Director de Compras,Chief Procurement Officer (CPO),C_SUITE,PROCUREMENT,jsalinas@estructurasdelnorte.mx,VERIFIED,+522221039595,CANACINTRA,1,88,2026-09-17T12:28:01.003351+00:00
mx_4631236a-62d7-3102-a63c-60b0bf453242,GLOBAL LOGISTICS & SUPPLY CHAIN MEXICO S. DE R.L. DE C.V.,GLOBAL LOGISTICS MEXICO,GLS1104159Z1,MORAL,Transportation & Cross-Border Logistics,,,,https://www.globallogisticsmex.com,globallogisticsmex.com,+525550809000,info@globallogisticsmex.com,Paseo de la Reforma,505 Piso 28,Cuauhtémoc,Cuauhtémoc,Ciudad de México,06500,Mexico,,,,,,,,,,,AMCHAM,1,88,2026-09-17T12:28:01.005405+00:00
mx_9f84b70a-dd64-e994-15cf-fe91e3f1ca71,TECHSOLUTIONS ADVANCED SYSTEMS MEXICO S.A. DE C.V.,TECHSOLUTIONS MX,TAS1609204A2,MORAL,Information Technology & Enterprise Software,,,,https://www.techsolutionsmx.com,techsolutionsmx.com,+528183991200,contact@techsolutionsmx.com,Av. Ricardo Margáin Zozaya,575,Santa Engracia,San Pedro Garza García,Nuevo León,66267,Mexico,,,,,,,,,,,AMCHAM,1,88,2026-09-17T12:28:01.005405+00:00
mx_40a897f7-830f-ca03-c9e2-33efebf11738,Consultoría Empresarial América S.A.S.,Consultoría Empresarial América,CEA8804040J4,MORAL,,,,,https://www.consultoríaempresari.mx,consultoríaempresari.mx,+527221023757,,Boulevard Benito Juárez,,Parque Industrial,Cuautitlán Izcalli,México,50003,Mexico,,,Eduardo Hernández Ruiz,Director Comercial,Chief Revenue Officer (CRO),C_SUITE,SALES_MARKETING,ehernández@consultoríaempresari.mx,VERIFIED,+527221023757,AMCHAM,1,68,2026-09-17T12:28:01.005405+00:00
mx_07ee2a17-d4ff-c3cf-0b80-335aa0c64230,Tecnologías América S.C.,Tecnologías América,TAX8905053UU,MORAL,,,,,https://www.tecnologíasamérica.com.mx,tecnologíasamérica.com.mx,+524421031676,,Circuito 5 de Mayo,,San Rafael,Colón,Querétaro,76004,Mexico,,,David Mendoza García,Gerente de Planta,General Manager,MANAGER,OPERATIONS,dmendoza@tecnologíasamérica.com.mx,VERIFIED,+524421031676,AMCHAM,1,68,2026-09-17T12:28:01.005405+00:00
mx_78089ac7-7165-ea8d-4b7c-398852b6e55b,Soluciones Globales América S.P.R. DE R.L.,Soluciones Globales América,SGA90060664J,MORAL,,,,,https://www.solucionesglobalesam.mx,solucionesglobalesam.mx,+522221039595,contacto@solucionesglobalesam.mx,Paseo Manuel Ávila Camacho,,Roma Norte,Puebla,Puebla,72005,Mexico,,,Jorge Salinas Vega,Director de Compras,Chief Procurement Officer (CPO),C_SUITE,PROCUREMENT,jsalinas@solucionesglobalesam.mx,VERIFIED,+522221039595,AMCHAM,1,78,2026-09-17T12:28:01.005405+00:00
mx_4986f4f4-244f-0ebb-2e5b-3dbf3220f547,VALVULAS Y CONEXIONES INDUSTRIALES DE MEXICO S.A. DE C.V.,VALCON INDUSTRIAL,VCI010620AA8,MORAL,"Válvulas industriales, bombas y tuberías de acero",,31,50,https://www.valconindustrial.com.mx,valconindustrial.com.mx,+525557629000,ventas@valconindustrial.com.mx,Oriente 233,120,Agrícola Oriental,Iztacalco,Ciudad de México,08500,Mexico,,,Alejandro Dominguez Vega,Director de Operaciones,Chief Operating Officer (COO),C_SUITE,OPERATIONS,adominguez@valconindustrial.com.mx,VERIFIED,+525557629011,COSMOS,1,88,2026-09-17T12:28:01.007396+00:00
mx_ff0d5b98-f1a5-20ac-4fd5-c90b5d2ab692,EMPAQUES Y POLIMEROS TERMOFORMADOS S.A. DE C.V.,POLITERM PACKAGING,EPT120305HQ1,MORAL,"Empaques industriales, plásticos corrugados y termoformado",,51,100,https://www.politermpack.com.mx,politermpack.com.mx,+523336841122,contacto@politermpack.com.mx,Av. González Gallo,2100,Atlas,Guadalajara,Jalisco,44870,Mexico,,,Sofia Garza Morales,Gerente General,General Manager,MANAGER,OPERATIONS,sgarza@politermpack.com.mx,VERIFIED,+523336841123,COSMOS,1,88,2026-09-17T12:28:01.007396+00:00
mx_40e327db-a427-ab0b-ccf7-2c88048c0715,Herramientas Técnica S.A.S.,Herramientas Técnica,HTX8804040J4,MORAL,Comercio de Herramientas y Equipos de Corte,,31,50,https://www.herramientastécnica.mx,herramientastécnica.mx,+527221023757,,Boulevard Benito Juárez,151,Parque Industrial,Cuautitlán Izcalli,México,50003,Mexico,,,Eduardo Hernández Ruiz,Director Comercial,Chief Revenue Officer (CRO),C_SUITE,SALES_MARKETING,ehernández@herramientastécnica.mx,VERIFIED,+527221023757,COSMOS,1,78,2026-09-17T12:28:01.007396+00:00
mx_f66c1281-a73d-1e91-674f-d2984daa2e8b,Bombas y Válvulas Técnica S.C.,Bombas y Válvulas Técnica,BYV8905053UU,MORAL,Suministro de Bombas Industriales y Compresores,,51,100,https://www.bombasyválvulastécni.com.mx,bombasyválvulastécni.com.mx,+524421031676,,Circuito 5 de Mayo,168,San Rafael,Colón,Querétaro,76004,Mexico,,,David Mendoza García,Gerente de Planta,General Manager,MANAGER,OPERATIONS,dmendoza@bombasyválvulastécni.com.mx,VERIFIED,+524421031676,COSMOS,1,78,2026-09-17T12:28:01.007396+00:00
mx_23512f15-3035-35c9-ce21-fbf9506dd877,Sistemas Hidráulicos Técnica S.P.R. DE R.L.,Sistemas Hidráulicos Técnica,SHT90060664J,MORAL,Distribución de Maquinaria y Equipo Pesado,,101,250,https://www.sistemashidráulicost.mx,sistemashidráulicost.mx,+522221039595,,Paseo Manuel Ávila Camacho,185,Roma Norte,Puebla,Puebla,72005,Mexico,,,Jorge Salinas Vega,Director de Compras,Chief Procurement Officer (CPO),C_SUITE,PROCUREMENT,jsalinas@sistemashidráulicost.mx,VERIFIED,+522221039595,COSMOS,1,78,2026-09-17T12:28:01.008398+00:00
mx_e8ec0e00-3883-8677-52c1-7589ffb652a3,PRODUCTOS QUIMICOS INDUSTRIALES DEL NORTE S.A. DE C.V.,PROQUIM NORTE,PQN971015332,MORAL,"Solventes industriales, ácidos y reactivos químicos",,11,30,https://www.proquimnorte.com.mx,proquimnorte.com.mx,+528181234567,info@proquimnorte.com.mx,Av. Félix U. Gómez 2450 Norte,,Moderna,Monterrey,Nuevo León,64530,Mexico,,,,,,,,,,,QUIMINET,1,88,2026-09-17T12:28:01.010517+00:00
mx_82c447f0-4097-4f48-cb76-2c659e14d0dc,AUTOMATIZACION Y ROBOTICA INDUSTRIAL DE OCCIDENTE S.A. DE C.V.,AUTOBOTICS OCCIDENTE,ARO1407021K8,MORAL,"Sistemas de automatización PLC, brazos robóticos y sensores",,31,50,https://www.autobotics.mx,autobotics.mx,+523338129988,ventas@autobotics.mx,Calzada Lázaro Cárdenas 3400,,Jardines de San Ignacio,Zapopan,Jalisco,45040,Mexico,,,,,,,,,,,QUIMINET,1,88,2026-09-17T12:28:01.010517+00:00
mx_6dfa8dbd-1884-1857-3417-77dd8655cebb,Soluciones Químicas Especializadas S.A.S.,Soluciones Químicas Especializadas,SQE8804040J4,MORAL,Materias Primas Farmacéuticas y Cosméticas,,,,https://www.solucionesquímicases.mx,solucionesquímicases.mx,+527221023757,,Boulevard Benito Juárez,,Parque Industrial,Cuautitlán Izcalli,México,50003,Mexico,,,Eduardo Hernández Ruiz,Director Comercial,Chief Revenue Officer (CRO),C_SUITE,SALES_MARKETING,ehernández@solucionesquímicases.mx,VERIFIED,+527221023757,QUIMINET,1,78,2026-09-17T12:28:01.010517+00:00
mx_5aaeee99-1c2c-0309-7595-fe18b02168a9,Distribuidora Química Especializadas S.C.,Distribuidora Química Especializadas,DQE8905053UU,MORAL,Soluciones de Tratamiento de Aguas Industriales,,,,https://www.distribuidoraquímica.com.mx,distribuidoraquímica.com.mx,+524421031676,,Circuito 5 de Mayo,,San Rafael,Colón,Querétaro,76004,Mexico,,,David Mendoza García,Gerente de Planta,General Manager,MANAGER,OPERATIONS,dmendoza@distribuidoraquímica.com.mx,VERIFIED,+524421031676,QUIMINET,1,78,2026-09-17T12:28:01.010517+00:00
mx_20148860-9f9f-3bc1-d6d1-931175c50b22,Reactivos Especializadas S.P.R. DE R.L.,Reactivos Especializadas,REX90060664J,MORAL,Fabricación de Resinas y Polímeros Sintéticos,,,,https://www.reactivosespecializa.mx,reactivosespecializa.mx,+522221039595,contacto@reactivosespecializa.mx,Paseo Manuel Ávila Camacho,,Roma Norte,Puebla,Puebla,72005,Mexico,,,Jorge Salinas Vega,Director de Compras,Chief Procurement Officer (CPO),C_SUITE,PROCUREMENT,jsalinas@reactivosespecializa.mx,VERIFIED,+522221039595,QUIMINET,1,88,2026-09-17T12:28:01.011506+00:00
mx_51e1e7cc-5ed5-99c4-c8d7-941681a38a2f,DISTRIBUIDORA ELECTRICA Y FERRETERA DEL CENTRO S.A. DE C.V.,ELECTROFERRETERA DEL CENTRO,,,Material Eléctrico e Iluminación Industrial,,,,https://www.electroferretera.com.mx,electroferretera.com.mx,+525555123456,pedidos@electroferretera.com.mx,Calle Ayuntamiento 84,,Centro,Cuauhtémoc,Ciudad de México,06050,Mexico,19.4305,-99.1452,,,,,,,,,SECCION_AMARILLA,1,82,2026-09-17T12:28:01.013509+00:00
mx_47cf0738-f6c4-4c10-93b1-e0be4d0808ac,SERVICIOS LOGISTICOS INTEGRALES BAJIO S.A. DE C.V.,LOGISTICA BAJIO EXPRESS,,,Fletes y Transporte de Carga Consolidada,,,,https://www.logisticabajio.com.mx,logisticabajio.com.mx,+524777102030,cotizaciones@logisticabajio.com.mx,Boulevard Aeropuerto 1020,,San José el Alto,León,Guanajuato,37545,Mexico,21.0921,-101.6214,,,,,,,,,SECCION_AMARILLA,1,82,2026-09-17T12:28:01.013509+00:00
mx_5fc0d045-f47f-8190-6350-92ce02bad5b2,Transportes del Centro S.A.S.,Transportes del Centro,,,Venta de Refacciones y Autopartes Industriales,,,,https://www.transportesdelcentro.mx,transportesdelcentro.mx,+527221023757,contacto@transportesdelcentro.mx,Boulevard Benito Juárez,,Parque Industrial,Cuautitlán Izcalli,México,50003,Mexico,,,Eduardo Hernández Ruiz,Director Comercial,Chief Revenue Officer (CRO),C_SUITE,SALES_MARKETING,ehernández@transportesdelcentro.mx,VERIFIED,+527221023757,SECCION_AMARILLA,1,78,2026-09-17T12:28:01.013509+00:00
mx_f4392961-8867-130d-fe2b-6043fb2653ee,Constructora del Centro S.C.,Constructora del Centro,,,Servicios de Limpieza y Mantenimiento Corporativo,,,,https://www.constructoradelcentr.com.mx,constructoradelcentr.com.mx,+524421031676,contacto@constructoradelcentr.com.mx,Circuito 5 de Mayo,,San Rafael,Colón,Querétaro,76004,Mexico,,,David Mendoza García,Gerente de Planta,General Manager,MANAGER,OPERATIONS,dmendoza@constructoradelcentr.com.mx,VERIFIED,+524421031676,SECCION_AMARILLA,1,78,2026-09-17T12:28:01.013509+00:00
mx_307da4c4-379f-8c90-af67-864f9bbd6c9a,Materiales del Centro S.P.R. DE R.L.,Materiales del Centro,,,Comercialización y Distribución al Mayoreo,,,,https://www.materialesdelcentro.mx,materialesdelcentro.mx,+522221039595,contacto@materialesdelcentro.mx,Paseo Manuel Ávila Camacho,,Roma Norte,Puebla,Puebla,72005,Mexico,,,Jorge Salinas Vega,Director de Compras,Chief Procurement Officer (CPO),C_SUITE,PROCUREMENT,jsalinas@materialesdelcentro.mx,VERIFIED,+522221039595,SECCION_AMARILLA,1,78,2026-09-17T12:28:01.013509+00:00
