person_id,full_name,first_name,last_name,title,standardized_title,seniority_level,department,company_name,company_domain,company_id,work_email,email_status,email_confidence_score,mail_provider,direct_phone,phone_extension,sources,created_at
per_50c2f312-ed55-4213-b786-b488c199521d,Carlos Gonzalez Rodriguez,Carlos,Gonzalez Rodriguez,Chief Executive Officer (CEO),Chief Executive Officer (CEO),C_SUITE,EXECUTIVE,TECNOLOGIAS DE MEXICO SA DE CV,tec-mexico.com.mx,mx_899f29b3-fbbb-8e57-9923-7adea4d9372f,carlos.gonzalez@tec-mexico.com.mx,VERIFIED,85,CUSTOM_SMTP,5512345678,,SIEM,2026-09-17T12:27:54.353495+00:00
per_3fb091ec-1e31-7d66-eaa1-13628f8adac8,Ana Maria Torres Vazquez,Ana Maria,Torres Vazquez,Directora de Recursos Humanos (CHRO),Chief Human Resources Officer (CHRO),C_SUITE,HR_PEOPLE,LOGISTICA Y DISTRIBUCION OCCIDENTE S. DE R.L. DE C.V.,logisticaoccidente.com.mx,mx_402179cf-a495-6d67-070f-4033a2d4dcfa,ana.torres@logisticaoccidente.com.mx,VERIFIED,85,CUSTOM_SMTP,3319876543,,SIEM,2026-09-17T12:27:54.353495+00:00
per_eca0dfc2-c6e9-98b5-f208-0fe8e3e5890c,Roberto Sanchez Lopez,Roberto,Sanchez Lopez,Director de Finanzas (CFO),Chief Financial Officer (CFO),C_SUITE,FINANCE,ALIMENTOS Y BEBIDAS DE PUEBLA SA DE CV,alimentosdelcentro.com.mx,mx_8e7eb7a6-3dcc-b8b6-7907-570fc199772c,roberto.sanchez@alimentosdelcentro.com.mx,VERIFIED,85,CUSTOM_SMTP,2225678901,,SIEM,2026-09-17T12:27:54.353495+00:00
per_0b9402df-22a3-1fbb-ba4b-54abd27f11fe,David Mendoza García,David,Mendoza García,Gerente de Planta,General Manager,MANAGER,OPERATIONS,Comercio y Servicios de México S.C.,comercioyserviciosde.com.mx,mx_b50da08c-3cb0-c2cf-c8d9-8b6439338ba4,dmendoza@comercioyserviciosde.com.mx,VERIFIED,85,CUSTOM_SMTP,+524421031676,,SIEM,2026-09-17T12:27:54.354495+00:00
per_1de42d5d-bb63-45ac-a66d-559f3c78b3b1,Jorge Salinas Vega,Jorge,Salinas Vega,Director de Compras,Chief Procurement Officer (CPO),C_SUITE,PROCUREMENT,Desarrolladora de México S.P.R. DE R.L.,desarrolladorademéxi.mx,mx_c32c7977-06ad-2a13-a98f-9e5c5f8917bc,jsalinas@desarrolladorademéxi.mx,VERIFIED,85,CUSTOM_SMTP,+522221039595,,SIEM,2026-09-17T12:27:54.354495+00:00
per_8f9b7989-9f07-6279-c845-0825eb7a8596,Miguel Ruiz Alarcón,Miguel,Ruiz Alarcón,Director de Tecnología,Chief Technology Officer (CTO),C_SUITE,ENGINEERING_IT,Manufacturas de México S.A. DE C.V.,manufacturasdeméxico.com.mx,mx_7bdfddfa-03a7-af7f-e9de-65ae6629c21f,mruiz@manufacturasdeméxico.com.mx,VERIFIED,85,CUSTOM_SMTP,+524771047514,,SIEM,2026-09-17T12:27:54.354495+00:00
per_19e3e77f-c6d6-5516-c297-ecb477368e57,Luis García Ortiz,Luis,García Ortiz,Directora de Recursos Humanos,Chief Human Resources Officer (CHRO),C_SUITE,HR_PEOPLE,Empresa Comercial Regional S.A.B. DE C.V.,empresacomercialregi.mx,mx_6266cadc-8c96-8051-a6e0-6894c7794d8c,lgarcía@empresacomercialregi.mx,VERIFIED,85,CUSTOM_SMTP,+528441055433,,SIEM,2026-09-17T12:27:54.354495+00:00
per_703fdf6b-5222-fe47-a991-a1e1f63d4163,Patricia Vega Cárdenas,Patricia,Vega Cárdenas,Director General,Chief Executive Officer (CEO),C_SUITE,EXECUTIVE,Proveedora Industrial Regional S. DE R.L. DE C.V.,proveedoraindustrial.com.mx,mx_fefe06f2-2f59-99b6-d705-3adebc75f760,pvega@proveedoraindustrial.com.mx,VERIFIED,85,CUSTOM_SMTP,+526641063352,,SIEM,2026-09-17T12:27:54.354495+00:00
per_9a070407-7f7b-04b3-164b-73a4f0209507,Claudia Alarcón Vargas,Claudia,Alarcón Vargas,Director de Operaciones,Chief Operating Officer (COO),C_SUITE,OPERATIONS,Consorcio Regional S.A.S.,consorcioregional.mx,mx_9e33919b-6681-f868-5128-70aec68a7f5c,calarcón@consorcioregional.mx,VERIFIED,85,CUSTOM_SMTP,+526141071271,,SIEM,2026-09-17T12:27:54.354495+00:00
per_8bc5340f-d0cd-947b-8670-8c00cfdd7589,Adriana Ortiz Treviño,Adriana,Ortiz Treviño,Director de Finanzas,Chief Financial Officer (CFO),C_SUITE,FINANCE,Unión de Fabricantes Regional S.C.,unióndefabricantesre.com.mx,mx_fdb57cba-84cc-ea40-9fcd-7e0c8183c4c4,aortiz@unióndefabricantesre.com.mx,VERIFIED,85,CUSTOM_SMTP,+526621079190,,SIEM,2026-09-17T12:27:54.354495+00:00
per_9c83952a-fb80-f260-2523-e24f8e91f808,Eduardo Hernández Ruiz,Eduardo,Hernández Ruiz,Director Comercial,Chief Revenue Officer (CRO),C_SUITE,SALES_MARKETING,Inversiones Mexicana S.A.S.,,mx_207cf66a-17f1-2b25-eb9e-c832961d1daa,ehernández@inversionesmexicana.mx,VERIFIED,85,UNKNOWN,+527221023757,,SAT,2026-09-17T12:27:54.354495+00:00
per_c7a397e5-5cbe-60cf-dd39-292facc084c5,David Mendoza García,David,Mendoza García,Gerente de Planta,General Manager,MANAGER,OPERATIONS,Compañía Operadora Mexicana S.C.,,mx_4ada7557-8735-006f-9900-c91b46c2f159,dmendoza@compañíaoperadoramex.com.mx,VERIFIED,85,UNKNOWN,+524421031676,,SAT,2026-09-17T12:27:54.354495+00:00
per_ef0ada2b-9b4e-3e12-2a28-8c9f5fe2b966,Claudia Alarcón Vargas,Claudia,Alarcón Vargas,Director de Operaciones,Chief Operating Officer (COO),C_SUITE,OPERATIONS,Compañía Operadora Nacional S.A.S.,,mx_a90a30fc-7afe-a8ef-9ba7-5e86b120e9b0,calarcón@compañíaoperadoranac.mx,VERIFIED,85,UNKNOWN,+526141071271,,SAT,2026-09-17T12:27:54.354495+00:00
per_f5ca229b-4b3e-1f5c-1dd5-b607919e4e5a,Jorge Salinas Vega,Jorge,Salinas Vega,Director de Compras,Chief Procurement Officer (CPO),C_SUITE,PROCUREMENT,Corporación Fiscal Nacional S.P.R. DE R.L.,,mx_e98977af-e41a-06f7-d9b6-4f4c2cb5face,jsalinas@corporaciónfiscalnac.mx,VERIFIED,85,UNKNOWN,+522221039595,,SAT,2026-09-17T12:27:54.354495+00:00
per_9d9958e7-da9d-c217-f685-90cffc9dbe9d,Adriana Ortiz Treviño,Adriana,Ortiz Treviño,Director de Finanzas,Chief Financial Officer (CFO),C_SUITE,FINANCE,Corporación Fiscal del Norte S.C.,,mx_f528f4e7-6613-c6a1-2795-9c0ae2b045a4,aortiz@corporaciónfiscaldel.com.mx,VERIFIED,85,UNKNOWN,+526621079190,,SAT,2026-09-17T12:27:54.354495+00:00
per_be6775c4-c8dd-1464-f0aa-33679fe64e7b,Miguel Ruiz Alarcón,Miguel,Ruiz Alarcón,Director de Tecnología,Chief Technology Officer (CTO),C_SUITE,ENGINEERING_IT,Grupo Financiero Nacional S.A. DE C.V.,,mx_ffe53e5c-d0d1-0de7-ddf0-22afed3c2a34,mruiz@grupofinancieronacio.com.mx,VERIFIED,85,UNKNOWN,+524771047514,,SAT,2026-09-17T12:27:54.354495+00:00
per_78f183eb-f903-51ec-d276-34f6c5dadcb4,Luis García Ortiz,Luis,García Ortiz,Directora de Recursos Humanos,Chief Human Resources Officer (CHRO),C_SUITE,HR_PEOPLE,Servicios Administrativos Nacional S.A.B. DE C.V.,,mx_4cefc473-7b4c-7c21-bd9d-875c2b2749aa,lgarcía@serviciosadministrat.mx,VERIFIED,85,UNKNOWN,+528441055433,,SAT,2026-09-17T12:27:54.354495+00:00
per_5a3f61c2-eaa0-4613-adf0-b12af276bc0a,Patricia Vega Cárdenas,Patricia,Vega Cárdenas,Director General,Chief Executive Officer (CEO),C_SUITE,EXECUTIVE,Inversiones Nacional S. DE R.L. DE C.V.,,mx_420a9375-66ff-55a2-e515-461bfe6b2b94,pvega@inversionesnacional.com.mx,VERIFIED,85,UNKNOWN,+526641063352,,SAT,2026-09-17T12:27:54.354495+00:00
