company_id,legal_name,trade_name,rfc,rfc_type,website,domain,industry,industry_code,employee_count_min,employee_count_max,employee_count_source,phone,email,street,number,colony,municipality,state,postal_code,country,latitude,longitude,source_count,sources,data_quality_score,last_verified_at,created_at
mx_899f29b3-fbbb-8e57-9923-7adea4d9372f,TECNOLOGIAS DE MEXICO SA DE CV,TECNOLOGIAS DE MEXICO,TME150115AB1,MORAL,https://tec-mexico.com.mx,tec-mexico.com.mx,Servicios Profesionales,541510,25,25,25,+525555123456,contacto@tec-mexico.com.mx,Av. Insurgentes Sur,1602 Int Piso 4,Credito Constructor,Benito Juarez,Ciudad de México,03940,Mexico,,,2,SAT;SIEM,96,2026-09-17T12:27:54.353495+00:00,2026-09-17T12:27:54.349485+00:00
mx_d9e541a3-1232-fad6-0984-cb6ac6052b33,TECNOLOGIAS DE MEXICO S.A. DE C.V.,TECNOLOGIAS DE MEXICO,,,https://www.tec-mexico.com.mx,tec-mexico.com.mx,Desarrollo de software y consultoria en informatica,541510,11,30,11 a 30 personas,+525555123456,contacto@tec-mexico.com.mx,Avenida Insurgentes Sur,1602 Int Piso 4,Credito Constructor,Benito Juárez,Ciudad de México,03940,Mexico,19.362145,-99.182312,1,DENUE,87,2026-09-17T12:27:54.344497+00:00,2026-09-17T12:27:54.346488+00:00
mx_402179cf-a495-6d67-070f-4033a2d4dcfa,LOGISTICA Y DISTRIBUCION OCCIDENTE S. DE R.L. DE C.V.,LOGISTICA Y DISTRIBUCION OCCIDENTE,LDO180620XY9,MORAL,https://logisticaoccidente.com.mx,logisticaoccidente.com.mx,Servicios de mensajeria y paqueteria,492110,51,100,51 a 100 personas,+523336123456,info@logisticaoccidente.com.mx,Calzada Lazaro Cardenas,2300,Las Torres,Guadalajara,Jalisco,44920,Mexico,20.641234,-103.351234,2,DENUE;SIEM,100,2026-09-17T12:27:54.353495+00:00,2026-09-17T12:27:54.346488+00:00
mx_a515c98a-b0ff-b405-5002-feb618b7495e,MANUFACTURA INDUSTRIAL DEL NORTE S.A.P.I. DE C.V.,MANUFACTURA INDUSTRIAL NORTE,,,https://www.manufacturanorte.com,manufacturanorte.com,Fabricacion de productos metalicos,332310,101,250,101 a 250 personas,+528183123456,ventas@manufacturanorte.com,Boulevard Diaz Ordaz,100 Int Bodega 5,Santa Maria,Monterrey,Nuevo León,64650,Mexico,25.671234,-100.351234,1,DENUE,87,2026-09-17T12:27:54.344497+00:00,2026-09-17T12:27:54.346488+00:00
mx_8e7eb7a6-3dcc-b8b6-7907-570fc199772c,ALIMENTOS Y BEBIDAS DE PUEBLA SA DE CV,BEBIDAS DE PUEBLA,ALM050810JK3,MORAL,https://alimentosdelcentro.com.mx,alimentosdelcentro.com.mx,Manufactura de Alimentos,311900,40,40,40,+522222123456,ventas@alimentosdelcentro.com.mx,Av Juarez,1402,La Paz,Puebla,Puebla,72160,Mexico,,,1,SIEM,93,2026-09-17T12:27:54.348486+00:00,2026-09-17T12:27:54.349485+00:00
mx_b50da08c-3cb0-c2cf-c8d9-8b6439338ba4,Comercio y Servicios de México S.C.,Comercio y Servicios de México,CYS8905053UU,MORAL,https://www.comercioyserviciosde.com.mx,comercioyserviciosde.com.mx,Comercio al por Mayor de Artículos Industriales,,51,100,51 a 100 personas,+524421031676,contacto@comercioyserviciosde.com.mx,Circuito 5 de Mayo,168,San Rafael,Colón,Querétaro,76004,Mexico,,,1,SIEM,88,2026-09-17T12:27:54.349485+00:00,2026-09-17T12:27:54.349485+00:00
mx_c32c7977-06ad-2a13-a98f-9e5c5f8917bc,Desarrolladora de México S.P.R. DE R.L.,Desarrolladora de México,DDM90060664J,MORAL,https://www.desarrolladorademéxi.mx,desarrolladorademéxi.mx,Fabricación de Bienes de Consumo,,101,250,101 a 250 personas,+522221039595,,Paseo Manuel Ávila Camacho,185,Roma Norte,Puebla,Puebla,72005,Mexico,,,1,SIEM,78,2026-09-17T12:27:54.349485+00:00,2026-09-17T12:27:54.349485+00:00
mx_7bdfddfa-03a7-af7f-e9de-65ae6629c21f,Manufacturas de México S.A. DE C.V.,Manufacturas de México,MDM9107079E8,MORAL,https://www.manufacturasdeméxico.com.mx,manufacturasdeméxico.com.mx,Servicios Profesionales a Empresas,,251,,251 y más personas,+524771047514,,Av. Industria Militar,202,Polanco,Celaya,Guanajuato,37006,Mexico,,,1,SIEM,78,2026-09-17T12:27:54.349485+00:00,2026-09-17T12:27:54.350486+00:00
mx_6266cadc-8c96-8051-a6e0-6894c7794d8c,Empresa Comercial Regional S.A.B. DE C.V.,Empresa Comercial Regional,ECR920808CQY,MORAL,https://www.empresacomercialregi.mx,empresacomercialregi.mx,Almacenamiento y Logística,,0,5,0 a 5 personas,+528441055433,contacto@empresacomercialregi.mx,Calle Patriotismo,219,Jardines del Bosque,Ramos Arizpe,Coahuila,25007,Mexico,,,1,SIEM,88,2026-09-17T12:27:54.349485+00:00,2026-09-17T12:27:54.350486+00:00
mx_fefe06f2-2f59-99b6-d705-3adebc75f760,Proveedora Industrial Regional S. DE R.L. DE C.V.,Proveedora Industrial Regional,PIR930909F0N,MORAL,https://www.proveedoraindustrial.com.mx,proveedoraindustrial.com.mx,Comercio al por Mayor de Artículos Industriales,,6,10,6 a 10 personas,+526641063352,contacto@proveedoraindustrial.com.mx,Calzada Universidad,236,Santa Fe,Tecate,Baja California,22008,Mexico,,,1,SIEM,88,2026-09-17T12:27:54.349485+00:00,2026-09-17T12:27:54.350486+00:00
mx_9e33919b-6681-f868-5128-70aec68a7f5c,Consorcio Regional S.A.S.,Consorcio Regional,CRX941010JAC,MORAL,https://www.consorcioregional.mx,consorcioregional.mx,Fabricación de Bienes de Consumo,,11,30,11 a 30 personas,+526141071271,contacto@consorcioregional.mx,Boulevard Félix U. Gómez,253,Industrial Vallejo,Juárez,Chihuahua,31009,Mexico,,,1,SIEM,88,2026-09-17T12:27:54.349485+00:00,2026-09-17T12:27:54.350486+00:00
mx_fdb57cba-84cc-ea40-9fcd-7e0c8183c4c4,Unión de Fabricantes Regional S.C.,Unión de Fabricantes Regional,UDF951111ML2,MORAL,https://www.unióndefabricantesre.com.mx,unióndefabricantesre.com.mx,Servicios Profesionales a Empresas,,31,50,31 a 50 personas,+526621079190,,Circuito Paseo Cuauhnáhuac,270,Centro,Hermosillo,Sonora,83010,Mexico,,,1,SIEM,78,2026-09-17T12:27:54.349485+00:00,2026-09-17T12:27:54.350486+00:00
mx_f36da3f1-76e9-d7cb-f6f2-503d4d3345b5,CONSTRUCCIONES DEL SURESTE SA DE CV,,CSO120405H89,MORAL,,,,,,,,,,,,,,,,Mexico,,,1,SAT,32,2026-09-17T12:27:54.351494+00:00,2026-09-17T12:27:54.352494+00:00
mx_207cf66a-17f1-2b25-eb9e-c832961d1daa,Inversiones Mexicana S.A.S.,,IMX8804040J4,MORAL,,,,,,,,,,,,,,,,Mexico,,,1,SAT,32,2026-09-17T12:27:54.351494+00:00,2026-09-17T12:27:54.352494+00:00
mx_4ada7557-8735-006f-9900-c91b46c2f159,Compañía Operadora Mexicana S.C.,,COM8905053UU,MORAL,,,,,,,,,,,,,,,,Mexico,,,1,SAT,32,2026-09-17T12:27:54.351494+00:00,2026-09-17T12:27:54.352494+00:00
mx_a90a30fc-7afe-a8ef-9ba7-5e86b120e9b0,Compañía Operadora Nacional S.A.S.,,CON941010JAC,MORAL,,,,,,,,,,,,,,,,Mexico,,,1,SAT,32,2026-09-17T12:27:54.352494+00:00,2026-09-17T12:27:54.352494+00:00
mx_e98977af-e41a-06f7-d9b6-4f4c2cb5face,Corporación Fiscal Nacional S.P.R. DE R.L.,,CFN90060664J,MORAL,,,,,,,,,,,,,,,,Mexico,,,1,SAT,32,2026-09-17T12:27:54.351494+00:00,2026-09-17T12:27:54.352494+00:00
mx_f528f4e7-6613-c6a1-2795-9c0ae2b045a4,Corporación Fiscal del Norte S.C.,,CFD951111ML2,MORAL,,,,,,,,,,,,,,,,Mexico,,,1,SAT,32,2026-09-17T12:27:54.352494+00:00,2026-09-17T12:27:54.352494+00:00
mx_ffe53e5c-d0d1-0de7-ddf0-22afed3c2a34,Grupo Financiero Nacional S.A. DE C.V.,,GFN9107079E8,MORAL,,,,,,,,,,,,,,,,Mexico,,,1,SAT,32,2026-09-17T12:27:54.351494+00:00,2026-09-17T12:27:54.352494+00:00
mx_4cefc473-7b4c-7c21-bd9d-875c2b2749aa,Servicios Administrativos Nacional S.A.B. DE C.V.,,SAN920808CQY,MORAL,,,,,,,,,,,,,,,,Mexico,,,1,SAT,32,2026-09-17T12:27:54.351494+00:00,2026-09-17T12:27:54.352494+00:00
mx_420a9375-66ff-55a2-e515-461bfe6b2b94,Inversiones Nacional S. DE R.L. DE C.V.,,INX930909F0N,MORAL,,,,,,,,,,,,,,,,Mexico,,,1,SAT,32,2026-09-17T12:27:54.351494+00:00,2026-09-17T12:27:54.352494+00:00
